{
  "inference_dir": "inference/gat_egnn_diffusion_last",
  "targets": [
    {
      "target_idx": 0,
      "n_samples": 100,
      "n_valid": 72,
      "valid_fraction": 0.72,
      "vina_scores": [
        0.754,
        -0.249,
        -5.272,
        7.723,
        8.477,
        4.642,
        -0.839,
        2.652,
        -4.206,
        -4.443,
        -3.056,
        -2.713,
        -4.995,
        2.048,
        0.308,
        -1.092,
        12.771,
        7.673,
        1.337,
        4.482,
        5.829,
        7.306,
        -5.075,
        -2.656,
        0.438,
        10.699,
        0.225,
        17.56,
        19.987,
        2.918,
        16.939,
        7.759,
        -5.349,
        2.537,
        10.646,
        4.087,
        -3.885,
        -1.444,
        -4.164,
        -2.459,
        6.903,
        -5.341,
        17.663,
        1.016,
        -3.461,
        -0.724,
        -3.411,
        13.616,
        0.672,
        1.08,
        -2.035,
        7.14,
        24.951,
        -2.228,
        17.744,
        0.177,
        -4.949,
        2.471,
        -3.387,
        1.974,
        5.836,
        7.68,
        -4.404,
        5.907,
        -3.69,
        -0.365,
        30.312,
        5.633,
        -0.952,
        -4.709,
        1.141,
        6.821
      ],
      "vina_min": -5.349,
      "high_affinity_fraction": 0.0,
      "qed_scores": [
        0.7692899283900748,
        0.7694059509423272,
        0.6432636147400969,
        0.6151958308479538,
        0.5391912821807953,
        0.40411417480213446,
        0.8067477774666524,
        0.4922437285402714,
        0.6848460023037407,
        0.505467308310714,
        0.819433305008828,
        0.3539202106507916,
        0.8315099385631817,
        0.6459719049011048,
        0.6458572692646289,
        0.7431070971325328,
        0.5241164942702768,
        0.34172701113736853,
        0.769057913410316,
        0.7110341745703692,
        0.5698530310440122,
        0.6127621918437818,
        0.7463846058347942,
        0.6971592905841303,
        0.7803175277513855,
        0.3002797300441142,
        0.622927232131996,
        0.6122133339937438,
        0.621430611767847,
        0.6468019653873637,
        0.6621824583743441,
        0.683142304514241,
        0.7644538331653403,
        0.6045506220314615,
        0.6155593372338303,
        0.7485049603174815,
        0.7287283717839834,
        0.7083926728791429,
        0.8256861471346021,
        0.7918939055609096,
        0.6901001540735793,
        0.587027463203136,
        0.5073043514511969,
        0.1914869620829071,
        0.8264164838690269,
        0.7495904295302829,
        0.6088576573374951,
        0.6076283537826551,
        0.6862340012202479,
        0.5732275599675325,
        0.7355359513346251,
        0.6435534523323649,
        0.515663728858094,
        0.7552420893865908,
        0.5750420744418704,
        0.23005995531545936,
        0.532928970532803,
        0.6153141347670097,
        0.6896362559981947,
        0.7094603811143305,
        0.54348150417246,
        0.630976290972952,
        0.8023229247483218,
        0.6859210919438372,
        0.7014392837426114,
        0.7452774809392559,
        0.4747915991227484,
        0.7803180945162369,
        0.46633711141063094,
        0.7286104878239797,
        0.6081718153144451,
        0.7438397179822963
      ],
      "sa_scores": [
        6.7409172033406035,
        7.377755743301477,
        7.7504211493563595,
        7.92449648504542,
        7.8011195664573805,
        6.684522847655484,
        5.961541680987478,
        6.930091771476448,
        6.425822838550839,
        7.3775258973173345,
        6.810224861325504,
        7.893535853250524,
        6.739409461370892,
        6.70410767808757,
        7.497204433132884,
        7.466617093314816,
        8.470677668142459,
        6.304642636388918,
        7.574631668213601,
        7.864184676483857,
        7.373355727609077,
        7.911902445824696,
        7.097141738247072,
        7.329211440592565,
        6.592528662524305,
        8.209271261937708,
        8.447131142510912,
        7.859224597042216,
        8.377791898723157,
        7.694058884199671,
        7.4337056547790175,
        7.836525292701875,
        7.3217465602132386,
        7.583358854487813,
        9.064681104542759,
        7.6319895062018,
        6.724407904841965,
        5.977683166507561,
        7.117313646957369,
        6.46742764174937,
        7.487049978400602,
        6.8368089651272035,
        6.8358104530804376,
        6.3693550683718305,
        6.753415238469304,
        7.414559809186506,
        5.5222314758648094,
        7.493223378740149,
        5.864568792849939,
        6.413691370033064,
        7.717354179956725,
        7.361675112623441,
        8.695025566590214,
        6.9397220961527095,
        8.700315532146103,
        7.7060046200926475,
        8.335706162491531,
        6.94941728613869,
        8.793578856377293,
        7.296394609578304,
        7.175242868738367,
        6.143282399872474,
        7.0593475439711355,
        7.8005622127317595,
        7.521468640526859,
        7.439942516039212,
        8.29912420998026,
        7.687427593208293,
        7.1810159627263355,
        6.543980896187239,
        7.658998049510284,
        2.3260859574757085
      ],
      "invalid_samples": [
        {
          "sample_idx": 2,
          "error": "invalid_rdkit_mol"
        },
        {
          "sample_idx": 4,
          "error": "invalid_rdkit_mol"
        },
        {
          "sample_idx": 7,
          "error": "invalid_rdkit_mol"
        },
        {
          "sample_idx": 12,
          "error": "invalid_rdkit_mol"
        },
        {
          "sample_idx": 17,
          "error": "invalid_rdkit_mol"
        },
        {
          "sample_idx": 20,
          "error": "invalid_rdkit_mol"
        },
        {
          "sample_idx": 23,
          "error": "invalid_rdkit_mol"
        },
        {
          "sample_idx": 38,
          "error": "invalid_rdkit_mol"
        },
        {
          "sample_idx": 43,
          "error": "invalid_rdkit_mol"
        },
        {
          "sample_idx": 46,
          "error": "invalid_rdkit_mol"
        },
        {
          "sample_idx": 47,
          "error": "invalid_rdkit_mol"
        },
        {
          "sample_idx": 48,
          "error": "invalid_rdkit_mol"
        },
        {
          "sample_idx": 57,
          "error": "invalid_rdkit_mol"
        },
        {
          "sample_idx": 64,
          "error": "invalid_rdkit_mol"
        },
        {
          "sample_idx": 65,
          "error": "invalid_rdkit_mol"
        },
        {
          "sample_idx": 66,
          "error": "invalid_molecule"
        },
        {
          "sample_idx": 67,
          "error": "invalid_rdkit_mol"
        },
        {
          "sample_idx": 69,
          "error": "invalid_rdkit_mol"
        },
        {
          "sample_idx": 70,
          "error": "invalid_rdkit_mol"
        },
        {
          "sample_idx": 71,
          "error": "invalid_rdkit_mol"
        },
        {
          "sample_idx": 72,
          "error": "invalid_rdkit_mol"
        },
        {
          "sample_idx": 75,
          "error": "invalid_rdkit_mol"
        },
        {
          "sample_idx": 82,
          "error": "invalid_rdkit_mol"
        },
        {
          "sample_idx": 85,
          "error": "invalid_rdkit_mol"
        },
        {
          "sample_idx": 88,
          "error": "invalid_rdkit_mol"
        },
        {
          "sample_idx": 94,
          "error": "invalid_rdkit_mol"
        },
        {
          "sample_idx": 98,
          "error": "invalid_rdkit_mol"
        },
        {
          "sample_idx": 99,
          "error": "invalid_rdkit_mol"
        }
      ]
    }
  ],
  "summary": {
    "n_targets": 1,
    "n_samples_total": 100,
    "n_valid_total": 72,